name,sequence
"1AL0-7
","MEQLTKNQAVATSQEAVQNQNEPQLRDENAHNDKSVHGVLNPTYQAGLRRDAVQPDIEAERKKRDEIEAGKSYCSRRFGGATCDDKSAQIYARFDKNDWRIQPAEFYRFHDAEVNTFGYF
"
"3KOLA
","LSSTQSVNSVLAPGNLRKVHHIALNVQDMQASRYFYGTILGLHELTDDEVPATLTELVASGKVANFITPDGTILDLFGEPELSPPDPNPEKTFTRAYHLAFDIDPQLFDRAVTVIGENKIAIAHGPVTRPTGRGVYFYDPDGFMIEIRCDPEA
"
"1JID-1
","MACAAARSPADQDRFICIYPAYLNNKKTIAEGRRIPISKAVENPTATEIQDVCSAVGLNVFLEKNKMYSREWNRDVQYRGRVRVQLKQEDGSLCLVQFPSRKSVMLYAAEMIPKLKTRTQLEHHHHHH
"
"1BY2-1
","APLAVNDGDMRLADGGATNQGRVEIFYRGQWGTVCDNLWDLTDASVVCRALGFENATQALGRAAFGQGSGPIMLDEVQCTGTEASLADCKSLGWLKSNCRHERDAGVVCTNETRSTHTL
"
"2FL4A
",GMEIHFEKVTSDNRKAVENLQVFAEQQAFIESMAENLKESDQFPEWESAGIYDGNQLIGYAMYGRWQDGRVWLDRFLIDQRFQGQGYGKAACRLLMLKLIEKYQTNKLYLSVYDTNSSAIRLYQQLGFVFNGELDTNGERVMEWTHQNK
